id,name,embed_code,thumbnail,description,categories,actor
1,'Filling Stepmoms Pot Of Gold - Cherry Kiss','https://cdn-aws-exp.cdnamz.me/playlists/2f4fb285-9d79-495e-ac46-9d414cf65a4c/u8lmahqjne.m3u8','https://siska.video/category/MILF/871684964.jpg',Cher[...]
2,Pervmom-Busty Milf Sucks Her Stepson's Dick for a Job Referral - Bambi Blitz,'<iframe width=640 height=360 src=https://short.icu/-jZ_AmNkM frameborder=0 scrolling=0 allowfullscreen></iframe>','https://img12.imagetwist.com/th/47114/9a4g5a0h5f.jpg',Bambi Blitz is a sexy milf who will stop at nothing to get what she wants,[...]
3,Brazzers / - Angela White, Roxie Sinner, Mick Blue Cheating With The Horny Hosts / 8.2.2024,'https://cdn-aws-t11.cdnamz.me/playlists/756977a2-e6d7-4805-9153-5a42b6a66458/u8lmahqjne.m3u8','https://img3.imagetwist.com/th/47114/7d2h1a3f5g.jpg',Angela White and Roxie Sinner team up to give Mick Blue the best time of his life,[...]
4,Pervmom Erin Everheart Go All the Way Blindfolded Bound Thirsty for Cum,'https://cdn-aws-exp.cdnamz.me/playlists/205f0979-f385-4c63-8458-9b72b35f6431/u8lmahqjne.m3u8','https://mypervmom.com/wp-content/uploads/2025/02/erin_everheart-480x270.jpg',Erin Everheart takes things to the next level with her stepson,[...]
5,Mom Swap / TeamSkeet / Kenzie Taylor, Mona Azar, Nade Nasty, Nick Strokes / Serving Balls / 19.07.2023,,'https://www.fpo.xxx/contents/videos_screenshots/673000/673814/preview.mp4.jpg',Mona and Kenzie team up for the ultimate mom swap experience,[...]
6,Pervmom Rebel Rhyder Don’t You Dare Fuck Other MILFS - I’m Right Here,,'https://mypervmom.com/wp-content/uploads/2025/02/rebel_rhyder-480x270.jpg',Fucking MILFS is an art form, one in which Rebel Rhyder excels,[...]
7,Rebel Rhyder My Step-Nephew Hypnotized Me So He Could Pound Me!,'https://cdn-aws-exp.cdnamz.me/playlists/a1d11c68-43cc-4eb1-ae96-5b91ed60ae44/u8lmahqjne.m3u8','https://www.wifefuckpics.com/wp-content/uploads/2025/02/rebel_rhyder-480x270.jpg',Rebel Rhyder finds herself under the spell of her step-nephew,[...]
8,Cheating wife Razia Bhabhi fucks with Sooraj,,'https://pbs.twimg.com/media/FVrNCHyWQAUeLFJ?format=jpg&name=4096x4096',Razia has been cheating on her husband and fucking occasionally with others,[...]
9,Cute Desi Sali Fucked by Harami Jija,,'https://g1.wppsn.com/media/videos/tmb/1787533/player/18.jpg',Cute Young Desi Sali Fucked by Harami Jija but the Sali was not as innocent as she looks,[...]
10,MIAA-950,,'https://pics.dmm.co.jp/digital/video/miaa00950/miaa00950pl.jpg',I Lost My Human Rights For 7 Days After Being Fucked By My Husband's Boss... Miho Tsuno,['Miho Tsuno','MIAA'],[...]
11,Sultana Begum sold her Bur (Pussy) to pay Rent,,'https://pbs.twimg.com/media/FStPF99aIAAshVz?format=jpg&name=large',The pervert landlord always wanted to find out what Sultana Begum hides,[...]
12,Sinatra Monroe is a Big Booty Hoe,'https://cdn-aws-exp.cdnamz.me/playlists/beca57b1-9ae8-4e6f-b74c-568318268c49/u8lmahqjne.m3u8','https://content-hardx.pornstar-scenes.com/Sinatra_Monroe-Sinatra_Monroe-480x270.jpg',Sinatra Monroe shows off her big booty,[...]
13,Brazzers / - Hailey Rose, Sinatra Monroe, Mick Blue A Couple's Happy Ending Massage,'https://cdn-aws-t11.cdnamz.me/playlists/e57a16e2-0760-4098-9789-f9c994410d05/u8lmahqjne.m3u8','https://media-pub.brazzers.com/scenes/hailey_rose-sinatra_monroe-480x270.jpg',Hailey Rose and Sinatra Monroe give Mick Blue a happy ending massage,[...]
14,Stepmoms Special Frosting - Chanel Preston(Mylf),,'https://img119.imagetwist.com/th/48553/m0glz2arwi7m.jpg',Busty Chanel Preston has been waiting for bake day all week long. And its not any,[...]
15,A Mardi Gras Gangbang - Jessica Ryan(shoplifter mylf),,'https://cdn.directstripper.com/wp-content/uploads/2025/03/shoplyftermylf_jessica_ryan4_024.jpg',Rion really screwed up this time! Not,[...]
16,Watching my mom go black- Sophia Locke,,'https://dogfart.pornstar-scenes.com/Sophia_Locke_-_Watching_My_Mom_Go_Black/Sophia-Locke-Dogfart-Sophia-Locke---Watching-My-Mom-Go-Black-2023-04-04-96,[...]
17,Swapping Tantric Milfs-Aviana Violet and Mckenzie Lee(momswap),,'https://www.wifefuckpics.com/wp-content/uploads/2024/05/momswap_aviana_violet_and_mckenzie_lee_091.webp',Anthony and Axel wan,[...]
18,Aviana Violet's Lewd Teasing And Tittyfucking Lead To A Throaty Finish-badmommypov,,'https://freepornsiterips.com/wp-content/uploads/2025/02/badmommypov-com-aviana-violet-step-mommy-aviana-vi,[...]
19,NetVideoGirls with Stella,,'https://stream.imagepost.com/videos/net-video-girls-with-stella/net-video-girls-with-stella-003.jpg',It's time to welcome another super hot amateur chick to the f,[...]
20,Aderes Quin Your Ass Is Mine(analmom),,'https://www.wifefuckpics.com/wp-content/uploads/2024/11/analmom_aderes_quin_040.webp',I’ve always been protective of my stepmom, some may say a litt,[...]
21,Bambi Blitz My Wife’s Ass on The Line(analmom),,'https://bodgirls.com/videos/contents/albums/sources/8000/8959/128933.jpg?rnd=1741529355',Bambi, a resourceful housewife, discovers that her,[...]
22,Lilly James What's It Gonna Take?(analmom),,'https://cdn1337.pichunter.com/media/posts/12--11923294/conversions/751416-dbefb02e08fbfccc29116e7759d70117-post_single_big.jpg',When Lilly James,[...]
23,BadMommyPOV.com – Aviana Violet – Step Mommy Aviana Violet Fucked Hard In The Kitchen,,'https://imgtraffic.com/1/2024/10/05/67018df000eb5.jpeg',Stepmom-Stepson Family Taboo Sex Video Sta,[...]
24,Creampied best friends hot wife(Niksindian),,'https://encrypted-tbn0.gstatic.com/images?q=tbn:ANd9GcRatH7N8eVcVDpyrYZ5mKdB_un_7nOkdzNWQg&usqp=CAU',Sameer's wife was home alone when his frien,[...]
25,Rogue - Nargis Look-Alike Beautiful Girl Rough Fucked(Niksindian),,'https://i.pixxxels.cc/Gmg8tTsv/267924880-j3nyv0ni-o.png',This gorgeous Nargis look alike beauty gets rough banged when she,[...]
26,Alexa - Desi Girl Fucked In The Ass By Dr. Chaddha(Niksindian),,'https://i.pixxxels.cc/9F4xNcmT/268357137-h541i.jpg',Doctor Chaddha has a unique style of diagnosing diseases and then treatin,[...]
27,FPRE-053,<iframe width=640 height=360 src=https://short.icu/brDzXiWOt frameborder=0 scrolling=0 allowfullscreen></iframe>,'https://pics.dmm.co.jp/digital/video/fpre00053/fpre00053pl.jpg',The massage performed by an old man dispatched to women is a surprise! ! big-breasted female announcer incontinence creampie pleasure mio yukihira,['mio yukihira','Jav'],[...]
28,SONE-639,<iframe width=640 height=360 src=https://short.icu/557xGBWiN frameborder=0 scrolling=0 allowfullscreen></iframe>,'https://www.javdatabase.com/covers/full/so/sone00639pl.webp',My Senile Stepfather Has A Strong Sexual Desire And Pretends To Have Mistaken Me For My Mother, Showing Off His Impressive Big Dick... Kaede Fua,['Kaede Fua','Jav'],[...]
29,SORA-578,<iframe width=640 height=360 src=https://short.icu/9HSDZI-JN frameborder=0 scrolling=0 allowfullscreen></iframe>,'https://pics.dmm.co.jp/mono/movie/adult/sora578/sora578pl.jpg',Brainwashing Hypnosis: A Calm And Collected Calligraphy Artist Wife Is Hated As Much As You Want By A Bottom-class Old Man With A Flat-rate Plan, And I Brainwashed Her Into Ruining Her Life With The Best Award. Mizuki Yayoi,['Mizuki Yayoi','Jav'],[...]
30,SSNI-845,<iframe width=640 height=360 src=https://short.icu/knMXKckp3a frameborder=0 scrolling=0 allowfullscreen></iframe>,'https://pics.dmm.co.jp/mono/movie/adult/9ssni845/9ssni845pl.jpg',Her Sister Is Beautiful And Has Big Breasts! I'm A Masochistic Man Who Can Be Struck With A Bold M Sexual Feeling Without Being Able To Do It. Yua Mikami,['Yua Mikami','Jav'],[...]
31,JUR-234,<iframe width=640 height=360 src=https://short.icu/Nf_AtPG5t frameborder=0 scrolling=0 allowfullscreen></iframe>,'https://pics.dmm.co.jp/mono/movie/adult/jur234/jur234pl.jpg',At First It Was Just Teasing... I Became Addicted To My Son's Friend's Breast Massage... Yumi Kazama,['Yumi Kazama','Jav'],[...]
32,DASS-580,<iframe width=640 height=360 src=https://short.icu/ZQPt3_PzQf frameborder=0 scrolling=0 allowfullscreen></iframe>,'https://pics.dmm.co.jp/mono/movie/adult/dass580/dass580pl.jpg',A Manicurist Wife Who Unconsciously Spreads Her Big Breasts As A Temptation Falls Victim To A Complainer... Her Bored Pussy Is Immediately Cummed After Being Shamefully Apologized For And Kowtowing To The Ground! She Becomes Addicted To Licking And Orgasms And Repeatedly Obeys Orders In A Passionate Affair. Hono Wakana,['Hono Wakana','Jav'],[...]
33,ADN-661,<iframe width=640 height=360 src=https://short.icu/rB5TwIgAa frameborder=0 scrolling=0 allowfullscreen></iframe>,'https://pics.dmm.co.jp/digital/video/adn00661/adn00661pl.jpg',It's Okay If It's Just The Tip, I Said, But... My Senile Father-in-law's Dick Felt So Good That I Climaxed The Moment He Inserted It. Miki Mihama,['Miki Mihama','Jav'],[...]
34,SAME-170,<iframe width=640 height=360 src=https://short.icu/ybYBTgkiY frameborder=0 scrolling=0 allowfullscreen></iframe>,'https://pics.dmm.co.jp/mono/movie/adult/same170/same170pl.jpg',During The Summer Camp, Teacher Shiramine Miu Was Forced To Satisfy The Sexual Needs Of A Student With A High Sexual Appetite.,['Shiramine Miu','Jav'],[...]
35,NIMA-053,<iframe width=640 height=360 src=https://short.icu/JGUSwCcFN frameborder=0 scrolling=0 allowfullscreen></iframe>,'https://pics.dmm.co.jp/mono/movie/adult/nima053/nima053pl.jpg',Nikuman: The Most Erotic Comic Ever Made Into A Live-action Film! A Slightly Ugly Girl Who Ruins People - A Girlfriend With A 40-point Face And A 120-point Body, Shiori Tsukada,['Shiori Tsukada','Jav'],[...]
36,FPRE-149,<iframe width=640 height=360 src=https://short.icu/Q8Cg1P5wG frameborder=0 scrolling=0 allowfullscreen></iframe>,'https://pics.dmm.co.jp/digital/video/fpre00149/fpre00149pl.jpg',Married For 5 Years! Incontinent Nude Model NTR Shocking Video Of Wife Cheating On Her Boss While Enjoying Her Big Tits Monami Takada,['Monami Takada','Jav'],[...]
37,WAAA-486,<iframe width=640 height=360 src=https://short.icu/QlhgnJ9-v frameborder=0 scrolling=0 allowfullscreen></iframe>,'https://pics.dmm.co.jp/mono/movie/adult/waaa486/waaa486pl.jpg',I Was Raped By My Hated Father-in-law At Night... Shizuka,['Shizuka','Jav'],[...]
38,Bring Out the Toys! I'm Fucking My Stepmom in the Ass-Erin Everheart(Analmom),<iframe width=640 height=360 src=https://short.icu/H3J0GEKrvc frameborder=0 scrolling=0 allowfullscreen></iframe>,'https://fxpornhd.com/wp-content/uploads/2025/03/AnalMom-Erin-Everheart-Bring-Out-the-Toys-Im-Fucking-My-Stepmom-in-the-Ass.webp',I love playing pranks on my stepmom, especially on April Fools. This year, I hid a fake snake in a pantry, scared her by wearing a clown mask, and put a lizard in her tea. Everything worked so well, but I wanted to take everything to the next level, so I decided to hide all her panties. When I looked in the drawer, I found something completely different: she had butt plugs! I was even more shocked when she caught me looking at that and said we could use them together. My stepmom wanted me to fuck her ass! Of course, I was not going to say no to her. Have you seen her butt?! I'm going to pound her so hard that April Fools is going to become her favorite holiday. We'll use every toy she has.,['Erin Everheart','Analmom'],[...]
39,Always Thick Chanel Preston(Brazzers),<iframe width=640 height=360 src=https://short.icu/E8MdoBBTT frameborder=0 scrolling=0 allowfullscreen></iframe>,'https://media-public-ht.project1content.com/m=eaSaaTbWx/bd9/cb6/c7f/092/450/6a6/625/40e/335/bf8/99/poster/poster_01.jpg',We love Chanel Preston and her perfect curves. And it's clear she loves us back by the way she shows off her thick yet tight body for us in a sexy fishnet one piece. To make this love affair complete she opens up her big, wet butt to Danny Mountain's big, hard cock!,['Chanel Preston','Brazzers'],[...]
